ID;Название;Предусловие;Шаги;Ожидаемый результат;Покрытие
TC-01;Вход с правильными данными;Открыт экран входа;1. Ввести login2; 2. Ввести password2; 3. Нажать SIGN IN;Открылся главный экран с новостями;Да
TC-02;Вход с пустыми полями;Открыт экран входа;1. Ничего не вводить; 2. Нажать SIGN IN;Появилась ошибка "Login and password cannot be empty";Да
TC-03;Вход с неверным паролем;Открыт экран входа;1. Ввести login2; 2. Ввести неверный пароль; 3. Нажать SIGN IN;Ошибка "Something went wrong. Try again later.";Да
TC-04;Открыть раздел News;Пользователь авторизован;1. Нажать три точки слева; 2. Выбрать News;Открылся список новостей;Да
TC-05;Открыть раздел Main;Пользователь авторизован;1. Нажать три точки слева; 2. Выбрать Main;Открылся экран с новостями;Да
TC-06;Открыть раздел Love is all;Пользователь авторизован;1. Нажать иконку бабочки справа;Появился список цитат;Да
TC-07;Применить фильтр новостей;Пользователь авторизован, открыты новости;1. Нажать иконку фильтра; 2. Выбрать категорию; 3. Выбрать даты; 4. Нажать FILTER;Список новостей обновился;Да
TC-08;Создать новость;Пользователь авторизован, открыты новости;1. Нажать карандаш; 2. Нажать +; 3. Заполнить поля; 4. Нажать SAVE;Новость добавилась в список;Да
TC-09;Отменить создание новости;Пользователь авторизован, открыты новости;1. Нажать карандаш; 2. Нажать +; 3. Нажать CANCEL;Появилось предупреждение о сохранении изменений;Да
TC-10;Выйти из аккаунта;Пользователь авторизован;1. Нажать иконку человечка; 2. Выбрать Log out;Открылся экран входа;Да